transaction_id,amount,card_id,merchant,product_cd,card_type,card_category,true_label,fraud_score,rl_action,rl_action_name,reward,correct
0,29.0,15399,143.0_W,W,mastercard,debit,0,0.5181678,0,APPROVE,1.0,True
1,30.0,10616,441.0_S,S,visa,credit,1,0.8068535,2,HARD_BLOCK,10.0,True
2,107.95,15847,225.0_W,W,visa,debit,0,0.59127784,1,SOFT_BLOCK,-2.0,False
3,445.0,1444,325.0_W,W,visa,debit,0,0.56348705,1,SOFT_BLOCK,-2.0,False
4,40.454,17147,unknown_C,C,mastercard,credit,1,0.9050389,2,HARD_BLOCK,10.0,True
5,153.0,2616,184.0_W,W,discover,credit,0,0.8231392,2,HARD_BLOCK,-10.0,False
6,25.822,18301,unknown_C,C,mastercard,credit,0,0.9085094,2,HARD_BLOCK,-10.0,False
7,96.708,18250,unknown_C,C,visa,credit,1,0.8814716,2,HARD_BLOCK,10.0,True
8,226.0,12695,325.0_W,W,visa,debit,1,0.9693971,2,HARD_BLOCK,10.0,True
9,78.95,7005,310.0_W,W,visa,debit,0,0.76792485,2,HARD_BLOCK,-10.0,False
10,200.0,7751,177.0_R,R,visa,debit,1,0.50416917,0,APPROVE,-50.0,False
11,226.0,16075,325.0_W,W,mastercard,credit,0,0.78220505,2,HARD_BLOCK,-10.0,False
12,323.0,9992,264.0_W,W,mastercard,debit,0,0.60512847,1,SOFT_BLOCK,-2.0,False
13,66.03,14276,unknown_C,C,mastercard,credit,1,0.9181183,2,HARD_BLOCK,10.0,True
14,117.0,11919,315.0_W,W,mastercard,debit,0,0.87548786,2,HARD_BLOCK,-10.0,False
15,50.0,15063,325.0_H,H,visa,credit,0,0.85773796,2,HARD_BLOCK,-10.0,False
16,100.0,14588,272.0_R,R,american express,credit,0,0.5078623,0,APPROVE,1.0,True
17,126.526,9026,unknown_C,C,visa,credit,1,0.92223775,2,HARD_BLOCK,10.0,True
18,100.0,16075,205.0_R,R,mastercard,credit,0,0.78220505,2,HARD_BLOCK,-10.0,False
19,24.0,5293,123.0_W,W,visa,debit,0,0.5529623,0,APPROVE,1.0,True
20,39.0,7299,204.0_W,W,mastercard,debit,0,0.5571548,0,APPROVE,1.0,True
21,15.95,2839,143.0_W,W,mastercard,debit,0,0.6060563,1,SOFT_BLOCK,-2.0,False
22,107.95,6755,387.0_W,W,mastercard,credit,0,0.4688795,0,APPROVE,1.0,True
23,59.0,7462,264.0_W,W,visa,debit,0,0.33854944,0,APPROVE,1.0,True
24,50.0,6019,315.0_H,H,visa,credit,1,0.9496212,2,HARD_BLOCK,10.0,True
25,10.0,10273,330.0_S,S,visa,credit,0,0.55647993,0,APPROVE,1.0,True
26,200.0,7899,387.0_R,R,mastercard,credit,0,0.5323506,1,SOFT_BLOCK,-2.0,False
27,171.0,7919,204.0_W,W,mastercard,debit,0,0.999723,2,HARD_BLOCK,-10.0,False
28,34.0,8695,433.0_W,W,visa,credit,1,0.89777255,2,HARD_BLOCK,10.0,True
29,67.95,1783,181.0_W,W,mastercard,debit,0,0.5,0,APPROVE,1.0,True
30,40.638,7108,unknown_C,C,mastercard,credit,0,0.4918351,0,APPROVE,1.0,True
31,49.0,10023,325.0_W,W,visa,debit,0,0.7271272,2,HARD_BLOCK,-10.0,False
32,82.95,12544,184.0_W,W,visa,debit,0,0.95976114,2,HARD_BLOCK,-10.0,False
33,117.0,2971,181.0_W,W,visa,debit,0,0.77966785,2,HARD_BLOCK,-10.0,False
34,39.962,9633,unknown_C,C,visa,debit,1,0.93021405,2,HARD_BLOCK,10.0,True
35,1484.95,2772,143.0_W,W,visa,debit,0,0.74353427,2,HARD_BLOCK,-10.0,False
36,103.97,12469,325.0_W,W,mastercard,debit,0,0.80665135,2,HARD_BLOCK,-10.0,False
37,401.0,6054,264.0_W,W,discover,credit,1,0.8183552,2,HARD_BLOCK,10.0,True
38,511.95,18132,191.0_W,W,mastercard,debit,0,0.8828586,2,HARD_BLOCK,-10.0,False
39,117.0,6054,387.0_W,W,discover,credit,1,0.8183552,2,HARD_BLOCK,10.0,True
40,226.0,8320,436.0_W,W,visa,debit,0,0.83781534,2,HARD_BLOCK,-10.0,False
41,119.21,5812,unknown_C,C,mastercard,debit,1,0.9300008,2,HARD_BLOCK,10.0,True
42,77.0,17480,498.0_W,W,visa,credit,0,0.7449487,2,HARD_BLOCK,-10.0,False
43,101.442,7418,unknown_C,C,visa,debit,0,0.5,0,APPROVE,1.0,True
44,325.0,16882,536.0_R,R,visa,credit,1,0.654898,2,HARD_BLOCK,10.0,True
45,53.18,3887,unknown_C,C,mastercard,credit,1,0.91819537,2,HARD_BLOCK,10.0,True
46,44.512,5583,unknown_C,C,visa,credit,1,0.903774,2,HARD_BLOCK,10.0,True
47,7.931,16346,unknown_C,C,visa,credit,1,0.8964965,2,HARD_BLOCK,10.0,True
48,34.0,11738,204.0_W,W,visa,debit,0,0.5329954,0,APPROVE,1.0,True
49,117.0,4347,269.0_W,W,visa,debit,1,0.55392104,1,SOFT_BLOCK,5.0,True
50,33.261,9642,unknown_C,C,visa,debit,1,0.8826603,2,HARD_BLOCK,10.0,True
51,206.0,8394,325.0_W,W,visa,debit,0,0.59736866,1,SOFT_BLOCK,-2.0,False
52,7.993,15885,unknown_C,C,visa,debit,0,0.9830579,2,HARD_BLOCK,-10.0,False
53,150.0,15466,251.0_R,R,american express,credit,0,0.5307807,0,APPROVE,1.0,True
54,82.0,12581,205.0_W,W,visa,debit,0,0.797414,2,HARD_BLOCK,-10.0,False
55,59.0,17188,299.0_W,W,visa,debit,1,0.9243189,2,HARD_BLOCK,10.0,True
56,39.0,12544,184.0_W,W,visa,debit,0,0.95976114,2,HARD_BLOCK,-10.0,False
57,77.0,11925,512.0_W,W,visa,debit,1,0.7953933,2,HARD_BLOCK,10.0,True
58,108.95,12839,264.0_W,W,visa,debit,0,0.93597704,2,HARD_BLOCK,-10.0,False
59,92.0,12544,337.0_W,W,visa,debit,1,0.95976114,2,HARD_BLOCK,10.0,True
60,107.95,7508,420.0_W,W,visa,debit,0,0.80311245,2,HARD_BLOCK,-10.0,False
61,25.95,18132,191.0_W,W,mastercard,debit,0,0.8828586,2,HARD_BLOCK,-10.0,False
62,47.95,17188,310.0_W,W,visa,debit,0,0.9243189,2,HARD_BLOCK,-10.0,False
63,47.95,12577,204.0_W,W,visa,debit,0,0.7665647,2,HARD_BLOCK,-10.0,False
64,403.0,6054,264.0_W,W,discover,credit,1,0.8183552,2,HARD_BLOCK,10.0,True
65,96.524,8359,unknown_C,C,mastercard,credit,1,0.5635025,1,SOFT_BLOCK,5.0,True
66,47.95,6156,184.0_W,W,visa,debit,0,0.49892184,0,APPROVE,1.0,True
67,175.0,7381,299.0_R,R,mastercard,credit,1,0.61535794,2,HARD_BLOCK,10.0,True
68,159.0,2803,512.0_W,W,visa,debit,0,0.9457956,2,HARD_BLOCK,-10.0,False
69,944.95,5751,264.0_W,W,mastercard,debit,0,0.5788472,1,SOFT_BLOCK,-2.0,False
70,59.0,9500,433.0_W,W,visa,debit,0,0.9993691,2,HARD_BLOCK,-10.0,False
71,97.95,2772,143.0_W,W,visa,debit,0,0.74353427,2,HARD_BLOCK,-10.0,False
72,280.0,18272,264.0_W,W,mastercard,credit,0,0.34539503,1,SOFT_BLOCK,-2.0,False
73,100.0,15494,231.0_R,R,visa,debit,0,0.6661661,2,HARD_BLOCK,-10.0,False
74,59.0,7313,387.0_W,W,visa,debit,0,0.30325094,1,SOFT_BLOCK,-2.0,False
75,150.0,9571,299.0_R,R,american express,credit,0,0.54973125,1,SOFT_BLOCK,-2.0,False
76,27.236,9026,unknown_C,C,visa,credit,0,0.92223775,2,HARD_BLOCK,-10.0,False
77,326.3,15066,327.0_W,W,mastercard,credit,1,0.9459783,2,HARD_BLOCK,10.0,True
78,59.0,10856,327.0_W,W,visa,debit,0,0.3415664,0,APPROVE,1.0,True
79,18.813,12778,unknown_C,C,mastercard,credit,0,0.9144023,2,HARD_BLOCK,-10.0,False
80,49.0,6053,264.0_W,W,mastercard,debit,0,0.84236646,2,HARD_BLOCK,-10.0,False
81,1331.0,8868,191.0_W,W,visa,debit,1,0.7895144,2,HARD_BLOCK,10.0,True
82,50.0,18227,299.0_H,H,visa,credit,0,0.8294925,2,HARD_BLOCK,-10.0,False
83,57.95,17188,299.0_W,W,visa,debit,0,0.9243189,2,HARD_BLOCK,-10.0,False
84,107.95,11814,191.0_W,W,mastercard,debit,0,0.6401378,1,SOFT_BLOCK,-2.0,False
85,161.0,16083,299.0_W,W,visa,debit,1,0.5,0,APPROVE,-50.0,False
86,335.0,2392,272.0_W,W,mastercard,debit,0,0.8276469,2,HARD_BLOCK,-10.0,False
87,34.0,17759,433.0_W,W,mastercard,debit,0,0.71557987,2,HARD_BLOCK,-10.0,False
88,27.97,10540,143.0_W,W,visa,debit,0,0.29842955,0,APPROVE,1.0,True
89,60.0,12598,126.0_H,H,visa,debit,0,0.8038443,2,HARD_BLOCK,-10.0,False
90,100.0,9479,204.0_W,W,mastercard,credit,0,0.6967208,2,HARD_BLOCK,-10.0,False
91,280.0,9500,330.0_W,W,visa,debit,0,0.9993691,2,HARD_BLOCK,-10.0,False
92,261.95,2616,436.0_W,W,discover,credit,0,0.8231392,2,HARD_BLOCK,-10.0,False
93,83.5,4476,472.0_W,W,visa,debit,0,0.6179787,2,HARD_BLOCK,-10.0,False
94,57.95,14255,315.0_W,W,mastercard,debit,0,0.33948213,0,APPROVE,1.0,True
95,305.97,12695,204.0_W,W,visa,debit,0,0.9693971,2,HARD_BLOCK,-10.0,False
96,25.0,18227,181.0_S,S,visa,credit,1,0.8294925,2,HARD_BLOCK,10.0,True
97,41.315,9633,unknown_C,C,visa,debit,1,0.93021405,2,HARD_BLOCK,10.0,True
98,67.95,13676,337.0_W,W,visa,debit,0,0.50310826,0,APPROVE,1.0,True
99,34.921,9633,unknown_C,C,visa,debit,1,0.93021405,2,HARD_BLOCK,10.0,True
100,884.0,16115,264.0_W,W,visa,debit,0,0.6365548,1,SOFT_BLOCK,-2.0,False
101,159.95,9537,126.0_W,W,visa,credit,0,0.74894667,2,HARD_BLOCK,-10.0,False
102,994.0,6019,204.0_W,W,visa,credit,1,0.9496212,2,HARD_BLOCK,10.0,True
103,59.0,11817,299.0_W,W,visa,debit,0,0.30712882,0,APPROVE,1.0,True
104,171.0,18018,264.0_W,W,mastercard,debit,0,0.8769409,2,HARD_BLOCK,-10.0,False
105,59.144,13413,unknown_C,C,visa,credit,1,0.9095048,2,HARD_BLOCK,10.0,True
106,97.0,7919,122.0_W,W,mastercard,debit,0,0.999723,2,HARD_BLOCK,-10.0,False
107,30.95,11218,184.0_W,W,visa,debit,0,0.84872776,2,HARD_BLOCK,-10.0,False
108,108.95,12839,264.0_W,W,visa,debit,0,0.93597704,2,HARD_BLOCK,-10.0,False
109,59.95,6368,384.0_W,W,visa,debit,0,0.5,0,APPROVE,1.0,True
110,174.0,16132,420.0_W,W,visa,debit,0,0.87901235,2,HARD_BLOCK,-10.0,False
111,59.0,6070,194.0_W,W,visa,debit,0,0.75393206,2,HARD_BLOCK,-10.0,False
112,55.95,4967,203.0_W,W,visa,debit,0,0.6150771,1,SOFT_BLOCK,-2.0,False
113,86.687,3643,unknown_C,C,visa,credit,1,0.9069719,2,HARD_BLOCK,10.0,True
114,77.0,15066,420.0_W,W,mastercard,credit,0,0.9459783,2,HARD_BLOCK,-10.0,False
115,226.0,15066,330.0_W,W,mastercard,credit,0,0.9459783,2,HARD_BLOCK,-10.0,False
116,59.0,7919,337.0_W,W,mastercard,debit,0,0.999723,2,HARD_BLOCK,-10.0,False
117,49.0,1532,433.0_W,W,mastercard,debit,0,0.5755787,1,SOFT_BLOCK,-2.0,False
118,33.875,13413,unknown_C,C,visa,credit,1,0.9095048,2,HARD_BLOCK,10.0,True
119,14.386,15315,unknown_C,C,mastercard,credit,1,0.8775822,2,HARD_BLOCK,10.0,True
120,77.0,7919,485.0_W,W,mastercard,debit,0,0.999723,2,HARD_BLOCK,-10.0,False
121,9.775,6019,unknown_C,C,visa,credit,0,0.9496212,2,HARD_BLOCK,-10.0,False
122,7.623,11201,unknown_C,C,visa,debit,0,0.9210795,2,HARD_BLOCK,-10.0,False
123,117.0,3070,315.0_W,W,visa,debit,0,0.46331784,0,APPROVE,1.0,True
124,38.609,13832,unknown_C,C,mastercard,debit,0,0.9208361,2,HARD_BLOCK,-10.0,False
125,27.97,12970,494.0_W,W,visa,debit,0,0.525577,0,APPROVE,1.0,True
126,107.95,12932,325.0_W,W,visa,debit,0,0.7415576,2,HARD_BLOCK,-10.0,False
127,1575.5,3605,325.0_W,W,mastercard,debit,0,0.54651403,1,SOFT_BLOCK,-2.0,False
128,30.95,12839,264.0_W,W,visa,debit,0,0.93597704,2,HARD_BLOCK,-10.0,False
129,100.0,6741,191.0_R,R,visa,credit,0,0.5972564,1,SOFT_BLOCK,-2.0,False
130,20.903,7099,unknown_C,C,visa,credit,1,0.8826843,2,HARD_BLOCK,10.0,True
131,98.245,15257,unknown_C,C,mastercard,debit,1,0.91560787,2,HARD_BLOCK,10.0,True
132,33.568,15885,unknown_C,C,visa,debit,0,0.9830579,2,HARD_BLOCK,-10.0,False
133,107.95,6369,384.0_W,W,visa,debit,0,0.5987959,1,SOFT_BLOCK,-2.0,False
134,56.316,4037,unknown_C,C,mastercard,debit,0,0.5,0,APPROVE,1.0,True
135,45.0,1444,204.0_W,W,visa,debit,1,0.56348705,0,APPROVE,-50.0,False
136,54.5,10023,325.0_W,W,visa,debit,0,0.7271272,2,HARD_BLOCK,-10.0,False
137,59.0,7664,204.0_W,W,visa,debit,1,0.6985063,2,HARD_BLOCK,10.0,True
138,5.0,8843,441.0_S,S,visa,credit,1,0.4918351,0,APPROVE,-50.0,False
139,99.95,14858,325.0_W,W,visa,debit,0,0.82538176,2,HARD_BLOCK,-10.0,False
140,54.84,2256,unknown_C,C,visa,credit,1,0.9482879,2,HARD_BLOCK,10.0,True
141,35.95,15066,315.0_W,W,mastercard,credit,0,0.9459783,2,HARD_BLOCK,-10.0,False
142,39.593,14276,unknown_C,C,mastercard,credit,0,0.9181183,2,HARD_BLOCK,-10.0,False
143,255.0,16255,299.0_W,W,mastercard,credit,1,0.7710287,2,HARD_BLOCK,10.0,True
144,47.95,1939,327.0_W,W,visa,debit,0,0.64068055,2,HARD_BLOCK,-10.0,False
145,26.928,15885,unknown_C,C,visa,debit,0,0.9830579,2,HARD_BLOCK,-10.0,False
146,250.0,4141,310.0_R,R,mastercard,credit,1,0.69870365,2,HARD_BLOCK,10.0,True
147,102.95,2455,177.0_W,W,visa,credit,0,0.78711253,2,HARD_BLOCK,-10.0,False
148,42.79,3877,unknown_C,C,visa,debit,0,0.4918351,0,APPROVE,1.0,True
149,59.0,15651,330.0_W,W,visa,debit,0,0.80051,2,HARD_BLOCK,-10.0,False
150,22.748,9633,unknown_C,C,visa,debit,1,0.93021405,2,HARD_BLOCK,10.0,True
151,30.0,9359,330.0_S,S,visa,debit,1,0.47377405,0,APPROVE,-50.0,False
152,50.0,11690,476.0_R,R,visa,credit,1,0.79245204,2,HARD_BLOCK,10.0,True
153,500.0,6741,325.0_R,R,visa,credit,1,0.5972564,1,SOFT_BLOCK,5.0,True
154,25.95,7207,204.0_W,W,visa,debit,0,0.6037607,1,SOFT_BLOCK,-2.0,False
155,59.0,17746,433.0_W,W,discover,debit,0,0.64746666,2,HARD_BLOCK,-10.0,False
156,107.95,9500,204.0_W,W,visa,debit,1,0.9993691,2,HARD_BLOCK,10.0,True
157,110.0,15775,330.0_S,S,mastercard,credit,0,0.5790368,1,SOFT_BLOCK,-2.0,False
158,25.95,2377,226.0_W,W,visa,debit,0,0.81655544,2,HARD_BLOCK,-10.0,False
159,50.0,15066,330.0_S,S,mastercard,credit,1,0.9459783,2,HARD_BLOCK,10.0,True
160,57.484,9633,unknown_C,C,visa,debit,1,0.93021405,2,HARD_BLOCK,10.0,True
161,57.95,15066,441.0_W,W,mastercard,credit,0,0.9459783,2,HARD_BLOCK,-10.0,False
162,327.95,4591,251.0_W,W,visa,debit,0,0.57220596,1,SOFT_BLOCK,-2.0,False
163,3.935,3154,unknown_C,C,mastercard,debit,1,0.9441554,2,HARD_BLOCK,10.0,True
164,5.0,1939,441.0_S,S,visa,debit,0,0.64068055,1,SOFT_BLOCK,-2.0,False
165,57.95,12577,325.0_W,W,visa,debit,0,0.7665647,2,HARD_BLOCK,-10.0,False
166,46.417,5812,unknown_C,C,mastercard,debit,1,0.9300008,2,HARD_BLOCK,10.0,True
167,300.0,8349,476.0_R,R,visa,debit,1,0.65205973,2,HARD_BLOCK,10.0,True
168,171.0,1893,448.0_W,W,mastercard,credit,0,0.725217,2,HARD_BLOCK,-10.0,False
169,107.95,12866,441.0_W,W,visa,debit,1,0.92100686,2,HARD_BLOCK,10.0,True
170,60.927,2650,unknown_C,C,mastercard,debit,1,0.89444214,2,HARD_BLOCK,10.0,True
171,29.0,7919,441.0_W,W,mastercard,debit,0,0.999723,2,HARD_BLOCK,-10.0,False
172,9.468,5812,unknown_C,C,mastercard,debit,0,0.9300008,2,HARD_BLOCK,-10.0,False
173,117.0,12932,476.0_W,W,visa,debit,1,0.7415576,2,HARD_BLOCK,10.0,True
174,13.464,16062,unknown_C,C,mastercard,credit,1,0.91191345,2,HARD_BLOCK,10.0,True
175,53.95,5286,264.0_W,W,visa,debit,0,0.54058486,1,SOFT_BLOCK,-2.0,False
176,117.0,10057,441.0_W,W,mastercard,debit,0,0.733172,2,HARD_BLOCK,-10.0,False
177,200.0,4072,204.0_R,R,visa,debit,0,0.5680715,1,SOFT_BLOCK,-2.0,False
178,59.0,13597,191.0_W,W,visa,debit,0,0.5371083,0,APPROVE,1.0,True
179,25.95,3821,325.0_W,W,mastercard,credit,0,0.8840267,2,HARD_BLOCK,-10.0,False
180,49.0,9500,204.0_W,W,visa,debit,0,0.9993691,2,HARD_BLOCK,-10.0,False
181,57.95,9323,191.0_W,W,visa,debit,0,0.56636924,0,APPROVE,1.0,True
182,107.95,12686,498.0_W,W,visa,debit,0,0.6063065,1,SOFT_BLOCK,-2.0,False
183,34.0,3681,251.0_W,W,visa,debit,0,0.61053884,1,SOFT_BLOCK,-2.0,False
184,57.95,12544,184.0_W,W,visa,debit,0,0.95976114,2,HARD_BLOCK,-10.0,False
185,6.886,4461,unknown_C,C,mastercard,debit,0,0.9289278,2,HARD_BLOCK,-10.0,False
186,97.0,15773,384.0_W,W,mastercard,credit,0,0.59480184,1,SOFT_BLOCK,-2.0,False
187,39.347,10568,unknown_C,C,visa,credit,1,0.9100021,2,HARD_BLOCK,10.0,True
188,421.99,17188,310.0_W,W,,,0,0.9243189,2,HARD_BLOCK,-10.0,False
189,57.95,12544,494.0_W,W,visa,debit,0,0.95976114,2,HARD_BLOCK,-10.0,False
190,210.95,9479,485.0_W,W,mastercard,credit,0,0.6967208,2,HARD_BLOCK,-10.0,False
191,200.0,8966,327.0_R,R,american express,credit,0,0.4678212,0,APPROVE,1.0,True
192,29.0,3821,191.0_W,W,mastercard,credit,0,0.8840267,2,HARD_BLOCK,-10.0,False
193,108.95,18350,143.0_W,W,visa,debit,0,0.56216806,1,SOFT_BLOCK,-2.0,False
194,50.0,13844,384.0_H,H,visa,credit,1,0.69878536,2,HARD_BLOCK,10.0,True
195,226.0,7919,299.0_W,W,mastercard,debit,0,0.999723,2,HARD_BLOCK,-10.0,False
196,59.0,14599,203.0_W,W,mastercard,debit,0,0.33854944,0,APPROVE,1.0,True
197,107.95,14290,485.0_W,W,visa,debit,1,0.78477967,2,HARD_BLOCK,10.0,True
198,35.95,7919,441.0_W,W,mastercard,debit,0,0.999723,2,HARD_BLOCK,-10.0,False
199,107.95,18370,191.0_W,W,visa,debit,0,0.5679348,1,SOFT_BLOCK,-2.0,False
200,171.0,12695,325.0_W,W,visa,debit,0,0.9693971,2,HARD_BLOCK,-10.0,False
201,44.266,9633,unknown_C,C,visa,debit,1,0.93021405,2,HARD_BLOCK,10.0,True
202,26.928,10086,unknown_C,C,mastercard,credit,0,0.9233139,2,HARD_BLOCK,-10.0,False
203,261.95,12839,264.0_W,W,visa,debit,0,0.93597704,2,HARD_BLOCK,-10.0,False
204,47.95,6457,337.0_W,W,visa,debit,0,0.5613214,0,APPROVE,1.0,True
205,213.0,16437,325.0_W,W,mastercard,debit,0,0.48366815,0,APPROVE,1.0,True
206,226.0,15494,126.0_W,W,visa,debit,0,0.6661661,2,HARD_BLOCK,-10.0,False
207,108.95,2455,299.0_W,W,visa,credit,1,0.78711253,2,HARD_BLOCK,10.0,True
208,29.0,4663,191.0_W,W,visa,debit,0,0.7882767,2,HARD_BLOCK,-10.0,False
209,1104.0,15497,299.0_W,W,visa,debit,0,0.9552193,2,HARD_BLOCK,-10.0,False
210,57.95,17188,225.0_W,W,visa,debit,0,0.9243189,2,HARD_BLOCK,-10.0,False
211,450.0,14143,272.0_H,H,american express,credit,1,0.8283715,2,HARD_BLOCK,10.0,True
212,57.95,7919,433.0_W,W,mastercard,debit,0,0.999723,2,HARD_BLOCK,-10.0,False
213,115.0,7919,299.0_W,W,mastercard,debit,0,0.999723,2,HARD_BLOCK,-10.0,False
214,39.0,9500,204.0_W,W,visa,debit,0,0.9993691,2,HARD_BLOCK,-10.0,False
215,63.264,5812,unknown_C,C,mastercard,debit,0,0.9300008,2,HARD_BLOCK,-10.0,False
216,40.0,12839,264.0_W,W,visa,debit,0,0.93597704,2,HARD_BLOCK,-10.0,False
217,117.0,4806,315.0_W,W,visa,debit,0,0.8562169,2,HARD_BLOCK,-10.0,False
218,75.0,10616,315.0_H,H,visa,credit,0,0.8068535,2,HARD_BLOCK,-10.0,False
219,226.0,7826,325.0_W,W,mastercard,debit,0,0.8620636,2,HARD_BLOCK,-10.0,False
220,201.0,12695,325.0_W,W,visa,debit,0,0.9693971,2,HARD_BLOCK,-10.0,False
221,59.0,14182,204.0_W,W,mastercard,credit,0,0.5870319,1,SOFT_BLOCK,-2.0,False
222,257.478,9026,unknown_C,C,visa,credit,1,0.92223775,2,HARD_BLOCK,10.0,True
223,457.95,10057,327.0_W,W,mastercard,debit,0,0.733172,2,HARD_BLOCK,-10.0,False
224,77.0,17188,299.0_W,W,visa,debit,0,0.9243189,2,HARD_BLOCK,-10.0,False
225,117.0,15497,315.0_W,W,visa,debit,0,0.9552193,2,HARD_BLOCK,-10.0,False
226,67.95,8320,444.0_W,W,visa,debit,0,0.83781534,2,HARD_BLOCK,-10.0,False
227,29.879,9026,unknown_C,C,visa,credit,0,0.92223775,2,HARD_BLOCK,-10.0,False
228,209.95,9700,436.0_W,W,visa,debit,0,0.29778826,0,APPROVE,1.0,True
229,994.0,2616,330.0_W,W,discover,credit,1,0.8231392,2,HARD_BLOCK,10.0,True
230,107.95,2455,204.0_W,W,visa,credit,1,0.78711253,2,HARD_BLOCK,10.0,True
231,33.445,15146,unknown_C,C,visa,credit,1,0.91146916,2,HARD_BLOCK,10.0,True
232,75.0,3821,264.0_H,H,mastercard,credit,0,0.8840267,2,HARD_BLOCK,-10.0,False
233,25.95,3808,485.0_W,W,visa,debit,1,0.34828094,0,APPROVE,-50.0,False
234,317.5,7585,325.0_W,W,visa,credit,0,0.9045443,2,HARD_BLOCK,-10.0,False
235,45.95,6174,387.0_W,W,visa,debit,0,0.5812613,1,SOFT_BLOCK,-2.0,False
236,29.0,12695,325.0_W,W,visa,debit,0,0.9693971,2,HARD_BLOCK,-10.0,False
237,67.95,7005,310.0_W,W,visa,debit,0,0.76792485,2,HARD_BLOCK,-10.0,False
238,56.0,15775,330.0_S,S,mastercard,credit,0,0.5790368,1,SOFT_BLOCK,-2.0,False
239,45.95,12544,476.0_W,W,visa,debit,0,0.95976114,2,HARD_BLOCK,-10.0,False
240,100.0,4545,299.0_R,R,american express,credit,0,0.5144212,0,APPROVE,1.0,True
241,25.95,16632,226.0_W,W,mastercard,debit,0,0.7977619,2,HARD_BLOCK,-10.0,False
242,226.0,15676,226.0_W,W,visa,debit,0,0.27511057,0,APPROVE,1.0,True
243,35.351,13832,unknown_C,C,mastercard,debit,1,0.9208361,2,HARD_BLOCK,10.0,True
244,107.95,1518,194.0_W,W,mastercard,debit,0,0.5,0,APPROVE,1.0,True
245,141.404,6544,unknown_C,C,visa,credit,1,0.9016612,2,HARD_BLOCK,10.0,True
246,117.0,6481,337.0_W,W,visa,debit,1,0.8550324,2,HARD_BLOCK,10.0,True
247,117.0,7585,269.0_W,W,visa,credit,1,0.9045443,2,HARD_BLOCK,10.0,True
248,59.0,10023,325.0_W,W,visa,debit,0,0.7271272,2,HARD_BLOCK,-10.0,False
249,29.0,7919,272.0_W,W,mastercard,debit,0,0.999723,2,HARD_BLOCK,-10.0,False
250,57.95,1359,299.0_W,W,mastercard,debit,0,0.4889033,1,SOFT_BLOCK,-2.0,False
251,11.435,3154,unknown_C,C,mastercard,debit,0,0.9441554,2,HARD_BLOCK,-10.0,False
252,42.95,10229,191.0_W,W,visa,credit,0,0.5055328,0,APPROVE,1.0,True
253,117.0,7653,123.0_W,W,visa,credit,0,0.57240516,1,SOFT_BLOCK,-2.0,False
254,189.95,10057,315.0_W,W,mastercard,debit,0,0.733172,2,HARD_BLOCK,-10.0,False
255,201.0,12839,264.0_W,W,visa,debit,0,0.93597704,2,HARD_BLOCK,-10.0,False
256,554.0,2803,512.0_W,W,visa,debit,0,0.9457956,2,HARD_BLOCK,-10.0,False
257,58.95,7508,177.0_W,W,visa,debit,0,0.80311245,2,HARD_BLOCK,-10.0,False
258,59.0,14819,299.0_W,W,visa,debit,0,0.49069604,0,APPROVE,1.0,True
259,87.95,17057,191.0_W,W,mastercard,debit,0,0.4842608,0,APPROVE,1.0,True
260,159.95,7800,264.0_W,W,visa,debit,0,0.61537665,2,HARD_BLOCK,-10.0,False
261,14.325,5943,unknown_C,C,visa,debit,1,0.90970105,2,HARD_BLOCK,10.0,True
262,49.0,12932,231.0_W,W,visa,debit,0,0.7415576,2,HARD_BLOCK,-10.0,False
263,14.755,9387,unknown_C,C,mastercard,credit,1,0.88690317,2,HARD_BLOCK,10.0,True
264,117.0,8414,315.0_W,W,mastercard,debit,0,0.56874996,1,SOFT_BLOCK,-2.0,False
265,63.97,11893,315.0_W,W,mastercard,debit,0,0.3200949,0,APPROVE,1.0,True
266,106.0,15775,330.0_S,S,mastercard,credit,0,0.5790368,1,SOFT_BLOCK,-2.0,False
267,100.0,6589,469.0_R,R,visa,credit,1,0.49437323,0,APPROVE,-50.0,False
268,445.0,2803,337.0_W,W,visa,debit,0,0.9457956,2,HARD_BLOCK,-10.0,False
269,300.0,16075,325.0_R,R,mastercard,credit,1,0.78220505,2,HARD_BLOCK,10.0,True
270,73.0,5613,315.0_W,W,visa,debit,0,0.5348635,0,APPROVE,1.0,True
271,98.95,13481,123.0_W,W,mastercard,debit,0,0.5934076,1,SOFT_BLOCK,-2.0,False
272,83.95,10186,325.0_W,W,visa,debit,0,0.56698316,0,APPROVE,1.0,True
273,117.0,17188,299.0_W,W,visa,debit,0,0.9243189,2,HARD_BLOCK,-10.0,False
274,106.0,15775,330.0_S,S,mastercard,credit,0,0.5790368,1,SOFT_BLOCK,-2.0,False
275,311.95,12615,325.0_W,W,mastercard,debit,0,0.56577754,1,SOFT_BLOCK,-2.0,False
276,146.0,7826,325.0_W,W,mastercard,debit,0,0.8620636,2,HARD_BLOCK,-10.0,False
277,26.129,3154,unknown_C,C,mastercard,debit,0,0.9441554,2,HARD_BLOCK,-10.0,False
278,207.95,15359,325.0_W,W,mastercard,credit,0,0.82088023,2,HARD_BLOCK,-10.0,False
279,25.95,14649,441.0_W,W,visa,debit,0,0.66883886,2,HARD_BLOCK,-10.0,False
280,57.342,15885,unknown_C,C,visa,debit,0,0.9830579,2,HARD_BLOCK,-10.0,False
281,35.95,16279,441.0_W,W,mastercard,debit,0,0.5185975,0,APPROVE,1.0,True
282,117.0,11641,299.0_W,W,mastercard,debit,0,0.32527956,1,SOFT_BLOCK,-2.0,False
283,33.814,15885,284.0_C,C,visa,debit,0,0.9830579,2,HARD_BLOCK,-10.0,False
284,206.0,8431,476.0_W,W,mastercard,debit,0,0.7717425,2,HARD_BLOCK,-10.0,False
285,150.0,7207,204.0_R,R,visa,debit,0,0.6037607,1,SOFT_BLOCK,-2.0,False
286,161.0,1444,204.0_W,W,visa,debit,0,0.56348705,0,APPROVE,1.0,True
287,108.5,14858,325.0_W,W,visa,debit,0,0.82538176,2,HARD_BLOCK,-10.0,False
288,484.92,2356,264.0_W,W,visa,debit,0,0.5223195,0,APPROVE,1.0,True
289,115.95,7861,204.0_W,W,visa,credit,0,0.826732,2,HARD_BLOCK,-10.0,False
290,106.0,15775,330.0_S,S,mastercard,credit,0,0.5790368,1,SOFT_BLOCK,-2.0,False
291,343.47,3451,181.0_W,W,mastercard,debit,0,0.5779365,1,SOFT_BLOCK,-2.0,False
292,200.0,6968,204.0_R,R,mastercard,debit,0,0.56543803,1,SOFT_BLOCK,-2.0,False
293,92.0,4854,123.0_W,W,mastercard,debit,0,0.56519663,1,SOFT_BLOCK,-2.0,False
294,14.325,15885,unknown_C,C,visa,debit,1,0.9830579,2,HARD_BLOCK,10.0,True
295,47.95,4443,264.0_W,W,mastercard,credit,0,0.56947994,1,SOFT_BLOCK,-2.0,False
296,97.0,9500,272.0_W,W,visa,debit,0,0.9993691,2,HARD_BLOCK,-10.0,False
297,117.0,7207,204.0_W,W,visa,debit,0,0.6037607,1,SOFT_BLOCK,-2.0,False
298,48.95,10106,191.0_W,W,visa,debit,0,0.3368739,0,APPROVE,1.0,True
299,30.95,14290,315.0_W,W,visa,debit,0,0.78477967,2,HARD_BLOCK,-10.0,False
300,55.0,12501,204.0_W,W,visa,debit,0,0.90483004,2,HARD_BLOCK,-10.0,False
301,226.0,8908,181.0_W,W,visa,credit,0,0.61598724,1,SOFT_BLOCK,-2.0,False
302,286.95,16560,325.0_W,W,visa,debit,0,0.82875556,2,HARD_BLOCK,-10.0,False
303,23.793,3154,unknown_C,C,mastercard,debit,0,0.9441554,2,HARD_BLOCK,-10.0,False
304,250.0,16659,177.0_R,R,visa,credit,0,0.8624744,2,HARD_BLOCK,-10.0,False
305,141.0,12695,325.0_W,W,visa,debit,0,0.9693971,2,HARD_BLOCK,-10.0,False
306,107.95,7919,158.0_W,W,mastercard,debit,0,0.999723,2,HARD_BLOCK,-10.0,False
307,49.0,15986,177.0_W,W,mastercard,debit,0,0.7795011,2,HARD_BLOCK,-10.0,False
308,107.95,5663,181.0_W,W,visa,debit,1,0.79874116,2,HARD_BLOCK,10.0,True
309,141.0,17999,299.0_W,W,visa,debit,1,0.5176823,1,SOFT_BLOCK,5.0,True
310,24.5,10057,315.0_W,W,mastercard,debit,0,0.733172,2,HARD_BLOCK,-10.0,False
311,47.95,13249,264.0_W,W,visa,debit,0,0.7008594,2,HARD_BLOCK,-10.0,False
312,22.95,4663,387.0_W,W,visa,debit,0,0.7882767,2,HARD_BLOCK,-10.0,False
313,117.0,10135,387.0_W,W,,,0,0.58128333,1,SOFT_BLOCK,-2.0,False
314,26.95,9998,110.0_W,W,visa,debit,0,0.36001286,0,APPROVE,1.0,True
315,73.407,10285,unknown_C,C,mastercard,credit,0,0.4918351,0,APPROVE,1.0,True
316,29.0,2744,205.0_W,W,visa,debit,0,0.86102796,2,HARD_BLOCK,-10.0,False
317,20.0,2627,330.0_S,S,visa,debit,1,0.5260007,0,APPROVE,-50.0,False
318,92.0,7919,469.0_W,W,mastercard,debit,0,0.999723,2,HARD_BLOCK,-10.0,False
319,100.0,9803,204.0_H,H,visa,credit,0,0.8023055,2,HARD_BLOCK,-10.0,False
320,25.95,13354,251.0_W,W,visa,debit,0,0.6084279,1,SOFT_BLOCK,-2.0,False
321,6.64,9633,511.0_C,C,visa,debit,0,0.93021405,2,HARD_BLOCK,-10.0,False
322,300.0,9323,191.0_H,H,visa,debit,1,0.56636924,1,SOFT_BLOCK,5.0,True
323,35.95,7508,420.0_W,W,visa,debit,0,0.80311245,2,HARD_BLOCK,-10.0,False
324,47.708,15257,unknown_C,C,mastercard,debit,1,0.91560787,2,HARD_BLOCK,10.0,True
325,57.95,10023,184.0_W,W,visa,debit,0,0.7271272,2,HARD_BLOCK,-10.0,False
326,50.0,16801,296.0_H,H,visa,credit,1,0.5,0,APPROVE,-50.0,False
327,59.0,11145,315.0_W,W,mastercard,debit,0,0.64124894,1,SOFT_BLOCK,-2.0,False
328,664.0,13844,315.0_W,W,visa,debit,0,0.69878536,2,HARD_BLOCK,-10.0,False
329,108.5,12839,264.0_W,W,visa,debit,0,0.93597704,2,HARD_BLOCK,-10.0,False
330,22.071,13832,unknown_C,C,mastercard,debit,0,0.9208361,2,HARD_BLOCK,-10.0,False
331,98.0,12577,433.0_W,W,visa,debit,1,0.7665647,2,HARD_BLOCK,10.0,True
332,101.626,4504,unknown_C,C,mastercard,credit,1,0.9166045,2,HARD_BLOCK,10.0,True
333,18.813,3867,unknown_C,C,visa,credit,1,0.91216505,2,HARD_BLOCK,10.0,True
334,47.95,16630,485.0_W,W,visa,debit,0,0.61186385,1,SOFT_BLOCK,-2.0,False
335,67.95,2377,441.0_W,W,visa,debit,0,0.81655544,2,HARD_BLOCK,-10.0,False
336,29.0,12469,272.0_W,W,mastercard,debit,0,0.80665135,2,HARD_BLOCK,-10.0,False
337,25.0,14349,330.0_S,S,mastercard,credit,0,0.7719504,2,HARD_BLOCK,-10.0,False
338,78.95,7546,512.0_W,W,visa,debit,0,0.5273396,0,APPROVE,1.0,True
339,15.616,9917,unknown_C,C,visa,debit,1,0.91468567,2,HARD_BLOCK,10.0,True
340,35.658,5812,unknown_C,C,mastercard,debit,1,0.9300008,2,HARD_BLOCK,10.0,True
341,20.95,11465,436.0_W,W,visa,debit,0,0.5328967,0,APPROVE,1.0,True
342,226.0,4854,123.0_W,W,mastercard,debit,0,0.56519663,1,SOFT_BLOCK,-2.0,False
343,644.0,14290,177.0_W,W,visa,debit,0,0.78477967,2,HARD_BLOCK,-10.0,False
344,59.0,1444,310.0_W,W,visa,debit,0,0.56348705,0,APPROVE,1.0,True
345,59.39,5812,unknown_C,C,mastercard,debit,1,0.9300008,2,HARD_BLOCK,10.0,True
346,97.95,6053,272.0_W,W,mastercard,debit,0,0.84236646,2,HARD_BLOCK,-10.0,False
347,25.95,6293,191.0_W,W,mastercard,debit,0,0.5107688,0,APPROVE,1.0,True
348,36.95,6697,299.0_W,W,visa,debit,0,0.490397,0,APPROVE,1.0,True
349,104.516,15497,unknown_C,C,visa,debit,0,0.9552193,2,HARD_BLOCK,-10.0,False
350,97.95,4090,310.0_W,W,visa,debit,0,0.9122442,2,HARD_BLOCK,-10.0,False
351,226.0,1444,225.0_W,W,visa,debit,0,0.56348705,1,SOFT_BLOCK,-2.0,False
352,108.95,2455,420.0_W,W,visa,credit,1,0.78711253,2,HARD_BLOCK,10.0,True
353,43.343,15885,unknown_C,C,visa,debit,0,0.9830579,2,HARD_BLOCK,-10.0,False
354,57.95,17400,123.0_W,W,visa,debit,0,0.74306357,2,HARD_BLOCK,-10.0,False
355,54.287,10876,unknown_C,C,visa,credit,1,0.91391414,2,HARD_BLOCK,10.0,True
356,20.903,9917,unknown_C,C,visa,debit,0,0.91468567,2,HARD_BLOCK,-10.0,False
357,45.95,16132,143.0_W,W,visa,debit,0,0.87901235,2,HARD_BLOCK,-10.0,False
358,59.0,16255,330.0_W,W,mastercard,credit,0,0.7710287,2,HARD_BLOCK,-10.0,False
359,107.95,12695,325.0_W,W,visa,debit,0,0.9693971,2,HARD_BLOCK,-10.0,False
360,97.507,12778,453.0_C,C,mastercard,credit,1,0.9144023,2,HARD_BLOCK,10.0,True
361,105.0,15775,330.0_S,S,mastercard,credit,0,0.5790368,1,SOFT_BLOCK,-2.0,False
362,77.0,7664,264.0_W,W,visa,debit,0,0.6985063,2,HARD_BLOCK,-10.0,False
363,15.0,18227,181.0_S,S,visa,credit,1,0.8294925,2,HARD_BLOCK,10.0,True
364,57.0,13623,498.0_W,W,visa,debit,1,0.74688613,2,HARD_BLOCK,10.0,True
365,38.978,9026,unknown_C,C,visa,credit,1,0.92223775,2,HARD_BLOCK,10.0,True
366,108.95,13960,343.0_W,W,visa,debit,0,0.7677042,2,HARD_BLOCK,-10.0,False
367,226.0,16795,123.0_W,W,visa,credit,0,0.54578996,1,SOFT_BLOCK,-2.0,False
368,17.03,8755,unknown_C,C,mastercard,credit,0,0.92971766,2,HARD_BLOCK,-10.0,False
369,35.95,12037,231.0_W,W,mastercard,debit,0,0.76350266,2,HARD_BLOCK,-10.0,False
370,60.0,15066,330.0_S,S,mastercard,credit,1,0.9459783,2,HARD_BLOCK,10.0,True
371,67.95,10471,337.0_W,W,mastercard,debit,0,0.5234116,0,APPROVE,1.0,True
372,50.0,8320,444.0_W,W,visa,debit,0,0.83781534,2,HARD_BLOCK,-10.0,False
373,87.056,3154,unknown_C,C,mastercard,debit,0,0.9441554,2,HARD_BLOCK,-10.0,False
374,107.95,17188,299.0_W,W,visa,debit,0,0.9243189,2,HARD_BLOCK,-10.0,False
375,34.675,4461,unknown_C,C,mastercard,debit,0,0.9289278,2,HARD_BLOCK,-10.0,False
376,50.0,16659,299.0_H,H,visa,credit,0,0.8624744,2,HARD_BLOCK,-10.0,False
377,226.0,4663,184.0_W,W,visa,debit,0,0.7882767,2,HARD_BLOCK,-10.0,False
378,500.0,11019,536.0_R,R,visa,credit,1,0.6486063,2,HARD_BLOCK,10.0,True
379,213.0,13052,325.0_W,W,visa,debit,0,0.58304757,1,SOFT_BLOCK,-2.0,False
380,378.0,17492,387.0_W,W,visa,credit,0,0.5907723,1,SOFT_BLOCK,-2.0,False
381,107.95,12544,476.0_W,W,visa,debit,0,0.95976114,2,HARD_BLOCK,-10.0,False
382,39.962,16062,unknown_C,C,mastercard,credit,1,0.91191345,2,HARD_BLOCK,10.0,True
383,92.835,9300,unknown_C,C,visa,debit,0,0.9040955,2,HARD_BLOCK,-10.0,False
384,226.0,13808,226.0_W,W,mastercard,debit,0,0.46009606,0,APPROVE,1.0,True
385,10.0,15066,330.0_S,S,mastercard,credit,1,0.9459783,2,HARD_BLOCK,10.0,True
386,49.0,3681,444.0_W,W,visa,debit,0,0.61053884,1,SOFT_BLOCK,-2.0,False
387,36.581,9633,unknown_C,C,visa,debit,1,0.93021405,2,HARD_BLOCK,10.0,True
388,226.0,10655,226.0_W,W,mastercard,debit,0,0.5484543,1,SOFT_BLOCK,-2.0,False
389,45.926,1976,unknown_C,C,visa,credit,1,0.906189,2,HARD_BLOCK,10.0,True
390,57.95,9500,204.0_W,W,visa,debit,0,0.9993691,2,HARD_BLOCK,-10.0,False
391,24.285,14276,unknown_C,C,mastercard,credit,0,0.9181183,2,HARD_BLOCK,-10.0,False
392,59.0,5734,325.0_W,W,visa,debit,0,0.46552193,0,APPROVE,1.0,True
393,117.0,17188,299.0_W,W,visa,debit,0,0.9243189,2,HARD_BLOCK,-10.0,False
394,433.0,18018,310.0_W,W,mastercard,debit,0,0.8769409,2,HARD_BLOCK,-10.0,False
395,67.95,18343,315.0_W,W,visa,debit,0,0.55694574,0,APPROVE,1.0,True
396,390.0,8139,325.0_W,W,discover,credit,0,0.8885502,2,HARD_BLOCK,-10.0,False
397,171.0,7919,204.0_W,W,mastercard,debit,0,0.999723,2,HARD_BLOCK,-10.0,False
398,107.95,13538,225.0_W,W,visa,debit,0,0.59066916,1,SOFT_BLOCK,-2.0,False
399,49.0,17399,204.0_W,W,mastercard,debit,0,0.83644664,2,HARD_BLOCK,-10.0,False
400,32.95,7703,433.0_W,W,mastercard,debit,0,0.3979193,1,SOFT_BLOCK,-2.0,False
401,34.0,1078,123.0_W,W,visa,debit,0,0.8697384,2,HARD_BLOCK,-10.0,False
402,104.95,1516,299.0_W,W,visa,debit,0,0.38828102,0,APPROVE,1.0,True
403,311.95,6457,191.0_W,W,visa,debit,0,0.5613214,1,SOFT_BLOCK,-2.0,False
404,445.0,12932,325.0_W,W,visa,debit,0,0.7415576,2,HARD_BLOCK,-10.0,False
405,117.0,12577,272.0_W,W,visa,debit,0,0.7665647,2,HARD_BLOCK,-10.0,False
406,117.0,1342,325.0_W,W,mastercard,debit,0,0.600473,1,SOFT_BLOCK,-2.0,False
407,77.0,1893,204.0_W,W,mastercard,credit,0,0.725217,2,HARD_BLOCK,-10.0,False
408,26.95,9885,264.0_W,W,mastercard,debit,0,0.57839215,1,SOFT_BLOCK,-2.0,False
409,69.0,10960,204.0_W,W,mastercard,debit,0,0.5925735,1,SOFT_BLOCK,-2.0,False
410,15.0,14290,315.0_W,W,visa,debit,0,0.78477967,2,HARD_BLOCK,-10.0,False
411,101.626,5347,unknown_C,C,mastercard,debit,1,0.902584,2,HARD_BLOCK,10.0,True
412,107.95,14653,191.0_W,W,mastercard,debit,0,0.36589178,1,SOFT_BLOCK,-2.0,False
413,24.5,14858,325.0_W,W,visa,debit,0,0.82538176,2,HARD_BLOCK,-10.0,False
414,34.0,7654,143.0_W,W,mastercard,debit,0,0.33719823,0,APPROVE,1.0,True
415,107.95,10057,315.0_W,W,mastercard,debit,0,0.733172,2,HARD_BLOCK,-10.0,False
416,39.0,4151,299.0_W,W,mastercard,credit,0,0.7991529,2,HARD_BLOCK,-10.0,False
417,29.0,12501,272.0_W,W,visa,debit,1,0.90483004,2,HARD_BLOCK,10.0,True
418,28.096,15885,unknown_C,C,visa,debit,1,0.9830579,2,HARD_BLOCK,10.0,True
419,50.0,1724,264.0_R,R,visa,credit,0,0.79591787,2,HARD_BLOCK,-10.0,False
420,21.887,5812,unknown_C,C,mastercard,debit,1,0.9300008,2,HARD_BLOCK,10.0,True
421,54.0,4451,264.0_W,W,mastercard,debit,0,0.33950034,0,APPROVE,1.0,True
422,16.784,12993,unknown_C,C,visa,credit,0,0.5,0,APPROVE,1.0,True
423,200.0,8453,536.0_R,R,visa,debit,1,0.7078949,2,HARD_BLOCK,10.0,True
424,57.95,4141,123.0_W,W,mastercard,credit,0,0.69870365,2,HARD_BLOCK,-10.0,False
425,5.0,7919,203.0_S,S,mastercard,debit,1,0.999723,2,HARD_BLOCK,10.0,True
426,226.0,5938,272.0_W,W,visa,credit,0,0.7804657,2,HARD_BLOCK,-10.0,False
427,35.95,12932,325.0_W,W,visa,debit,1,0.7415576,2,HARD_BLOCK,10.0,True
428,48.95,1444,264.0_W,W,visa,debit,0,0.56348705,0,APPROVE,1.0,True
429,433.0,6019,337.0_W,W,visa,credit,0,0.9496212,2,HARD_BLOCK,-10.0,False
430,47.95,17729,264.0_W,W,visa,debit,0,0.552684,1,SOFT_BLOCK,-2.0,False
431,75.0,7299,204.0_H,H,mastercard,debit,1,0.5571548,0,APPROVE,-50.0,False
432,107.95,11900,191.0_W,W,visa,debit,0,0.6034924,1,SOFT_BLOCK,-2.0,False
433,58.95,3277,231.0_W,W,visa,debit,0,0.5841038,1,SOFT_BLOCK,-2.0,False
434,100.0,6019,299.0_H,H,visa,credit,1,0.9496212,2,HARD_BLOCK,10.0,True
435,29.0,10989,184.0_W,W,visa,debit,0,0.9899922,2,HARD_BLOCK,-10.0,False
436,26.95,16533,315.0_W,W,discover,credit,0,0.569444,0,APPROVE,1.0,True
437,54.0,6102,184.0_W,W,mastercard,debit,0,0.57529634,1,SOFT_BLOCK,-2.0,False
438,31.97,15885,unknown_C,C,visa,debit,1,0.9830579,2,HARD_BLOCK,10.0,True
439,375.0,16560,441.0_W,W,visa,debit,0,0.82875556,2,HARD_BLOCK,-10.0,False
440,158.618,9026,unknown_C,C,visa,credit,1,0.92223775,2,HARD_BLOCK,10.0,True
441,434.84,11690,181.0_W,W,visa,credit,0,0.79245204,2,HARD_BLOCK,-10.0,False
442,108.5,1640,177.0_W,W,visa,credit,0,0.5,0,APPROVE,1.0,True
443,83.95,7999,204.0_W,W,visa,debit,0,0.60228944,2,HARD_BLOCK,-10.0,False
444,100.0,15063,472.0_H,H,visa,credit,0,0.85773796,2,HARD_BLOCK,-10.0,False
445,39.0,2884,264.0_W,W,visa,debit,0,0.6620135,2,HARD_BLOCK,-10.0,False
446,264.95,15066,225.0_W,W,mastercard,credit,0,0.9459783,2,HARD_BLOCK,-10.0,False
447,47.95,12544,476.0_W,W,visa,debit,0,0.95976114,2,HARD_BLOCK,-10.0,False
448,57.95,12577,330.0_W,W,visa,debit,0,0.7665647,2,HARD_BLOCK,-10.0,False
449,22.502,9026,unknown_C,C,visa,credit,0,0.92223775,2,HARD_BLOCK,-10.0,False
450,167.0,5700,337.0_W,W,mastercard,debit,0,0.7854748,2,HARD_BLOCK,-10.0,False
451,200.0,10616,299.0_H,H,visa,credit,1,0.8068535,2,HARD_BLOCK,10.0,True
452,280.0,1804,181.0_W,W,mastercard,debit,0,0.5811759,1,SOFT_BLOCK,-2.0,False
453,15.247,9026,unknown_C,C,visa,credit,1,0.92223775,2,HARD_BLOCK,10.0,True
454,50.0,9350,512.0_H,H,visa,credit,0,0.8562223,2,HARD_BLOCK,-10.0,False
455,335.0,7468,299.0_W,W,mastercard,debit,0,0.8654495,2,HARD_BLOCK,-10.0,False
456,226.0,12544,494.0_W,W,visa,debit,0,0.95976114,2,HARD_BLOCK,-10.0,False
457,105.95,7676,299.0_W,W,visa,debit,0,0.78170305,2,HARD_BLOCK,-10.0,False
458,209.95,12925,387.0_W,W,visa,debit,0,0.57801247,1,SOFT_BLOCK,-2.0,False
459,49.0,2803,299.0_W,W,visa,debit,0,0.9457956,2,HARD_BLOCK,-10.0,False
460,190.95,16115,310.0_W,W,visa,debit,0,0.6365548,2,HARD_BLOCK,-10.0,False
461,280.0,13111,204.0_W,W,mastercard,credit,1,0.7402724,2,HARD_BLOCK,10.0,True
462,27.051,3154,511.0_C,C,mastercard,debit,1,0.9441554,2,HARD_BLOCK,10.0,True
463,44.99,1039,251.0_W,W,visa,debit,0,0.59862155,1,SOFT_BLOCK,-2.0,False
464,47.708,7949,unknown_C,C,visa,credit,0,0.9146477,2,HARD_BLOCK,-10.0,False
465,356.95,3919,181.0_W,W,visa,credit,0,0.29512453,0,APPROVE,1.0,True
466,70.702,4461,unknown_C,C,mastercard,debit,1,0.9289278,2,HARD_BLOCK,10.0,True
467,59.0,14858,325.0_W,W,visa,debit,0,0.82538176,2,HARD_BLOCK,-10.0,False
468,107.95,10023,325.0_W,W,visa,debit,0,0.7271272,2,HARD_BLOCK,-10.0,False
469,117.0,4999,299.0_W,W,visa,debit,0,0.6785234,2,HARD_BLOCK,-10.0,False
470,50.0,9500,204.0_W,W,visa,debit,0,0.9993691,2,HARD_BLOCK,-10.0,False
471,119.95,5938,324.0_W,W,visa,credit,0,0.7804657,2,HARD_BLOCK,-10.0,False
472,77.95,3870,299.0_W,W,visa,debit,0,0.37601677,0,APPROVE,1.0,True
473,456.61,3821,299.0_W,W,mastercard,credit,0,0.8840267,2,HARD_BLOCK,-10.0,False
474,56.0,9500,126.0_W,W,visa,debit,0,0.9993691,2,HARD_BLOCK,-10.0,False
475,54.5,2489,330.0_W,W,visa,debit,0,0.53625214,1,SOFT_BLOCK,-2.0,False
476,100.0,6741,327.0_R,R,visa,credit,0,0.5972564,1,SOFT_BLOCK,-2.0,False
477,21.95,13960,123.0_W,W,visa,debit,0,0.7677042,2,HARD_BLOCK,-10.0,False
478,34.0,4999,299.0_W,W,visa,debit,0,0.6785234,2,HARD_BLOCK,-10.0,False
479,100.0,13780,441.0_R,R,visa,debit,0,0.5895693,1,SOFT_BLOCK,-2.0,False
480,20.0,13832,unknown_C,C,mastercard,debit,0,0.9208361,2,HARD_BLOCK,-10.0,False
481,107.95,9500,330.0_W,W,visa,debit,0,0.9993691,2,HARD_BLOCK,-10.0,False
482,23.67,15885,unknown_C,C,visa,debit,0,0.9830579,2,HARD_BLOCK,-10.0,False
483,500.0,12839,264.0_W,W,visa,debit,1,0.93597704,2,HARD_BLOCK,10.0,True
484,160.0,16075,325.0_H,H,mastercard,credit,0,0.78220505,2,HARD_BLOCK,-10.0,False
485,29.0,3178,299.0_W,W,visa,debit,1,0.8455917,2,HARD_BLOCK,10.0,True
486,53.97,17933,299.0_W,W,visa,debit,0,0.5601493,0,APPROVE,1.0,True
487,554.0,15786,264.0_W,W,mastercard,credit,0,0.33950034,0,APPROVE,1.0,True
488,134.95,7676,512.0_W,W,visa,debit,0,0.78170305,2,HARD_BLOCK,-10.0,False
489,107.95,14913,337.0_W,W,visa,debit,0,0.32574496,0,APPROVE,1.0,True
490,250.0,17188,272.0_R,R,visa,debit,1,0.9243189,2,HARD_BLOCK,10.0,True
491,59.0,11839,469.0_W,W,visa,debit,0,0.80074877,2,HARD_BLOCK,-10.0,False
492,46.725,9633,unknown_C,C,visa,debit,1,0.93021405,2,HARD_BLOCK,10.0,True
493,664.0,2455,220.0_W,W,visa,credit,0,0.78711253,2,HARD_BLOCK,-10.0,False
494,33.199,9169,unknown_C,C,mastercard,credit,1,0.4918351,0,APPROVE,-50.0,False
495,87.0,14649,441.0_W,W,visa,debit,1,0.66883886,2,HARD_BLOCK,10.0,True
496,209.95,14605,330.0_W,W,visa,debit,0,0.5403427,1,SOFT_BLOCK,-2.0,False
497,30.864,10086,unknown_C,C,mastercard,credit,0,0.9233139,2,HARD_BLOCK,-10.0,False
498,34.0,1039,123.0_W,W,visa,debit,0,0.59862155,1,SOFT_BLOCK,-2.0,False
499,315.95,10023,325.0_W,W,visa,debit,1,0.7271272,1,SOFT_BLOCK,5.0,True
